<?xml version="1.0" encoding="UTF-8" standalone="yes"?>
<addon id="repository.kradarak" name="Kradaraks Repository" version="0.0.1" provider-name="Kradarak">
	<extension point="xbmc.addon.repository" name="Kradaraks Repository">
		<dir>
			<info compressed="false">https://raw.githubusercontent.com/noobsandnerds/modules4all/master/zips/addons.xml</info>
			<checksum>https://raw.githubusercontent.com/noobsandnerds/modules4all/master/zips/addons.xml.md5</checksum>
			<datadir zip="true">https://raw.githubusercontent.com/noobsandnerds/modules4all/master/zips/</datadir>
		</dir>
		<info compressed="false">https://raw.githubusercontent.com/kradarak/repository.kradarak/master/zips/addons.xml</info>
		<checksum>https://raw.githubusercontent.com/kradarak/repository.kradarak/master/zips/addons.xml.md5</checksum>
		<datadir zip="true">https://raw.githubusercontent.com/kradarak/repository.kradarak/master/zips/</datadir>
	</extension>
	<extension point="xbmc.addon.metadata">
		<summary lang="en">Kradaraks Repository</summary>
		<description lang="en">Kradaraks Repository</description>
		<genre></genre>
	</extension>
</addon>